{"min": 0.973930835723877, "max": 1.931463360786438}