{"min": 0.9558486938476562, "max": 1.903656244277954}