{"is_airport_trip": 0.3014308694998423, "trip_duration_variability": 0.13828409736355146, "dropoff_zone_hotness": 0.11241010384013256, "sin_hour": 0.09278462714950243, "dropoff_borough_EWR": 0.08097598526875179, "cos_hour": 0.07874448543041944, "is_weekend": 0.0466373582954208, "pickup_borough_Queens": 0.034322111164530114, "dropoff_borough_Queens": 0.02751039632161458, "dropoff_borough_Brooklyn": 0.024080401291449866, "pickup_borough_Manhattan": 0.021414395100126663, "dropoff_borough_Manhattan": 0.020149184395869574, "pickup_borough_Brooklyn": 0.016258850559592246, "dropoff_borough_Staten Island": 0.003994450549284617, "pickup_borough_EWR": 0.0005552275688387454, "pickup_borough_Staten Island": 0.0004474551242310554}