{"min": 1.01873277425766, "max": 1.599648118019104}