{"is_airport_trip": 0.35660828987757365, "trip_duration_variability": 0.1272812258253495, "dropoff_zone_hotness": 0.12056929630103211, "sin_hour": 0.07835032067696254, "cos_hour": 0.07238875031098724, "dropoff_borough_EWR": 0.054297354569037753, "is_weekend": 0.04667070950567722, "pickup_borough_Queens": 0.03485461454093457, "dropoff_borough_Queens": 0.024484960506359735, "dropoff_borough_Brooklyn": 0.023721016893784204, "dropoff_borough_Manhattan": 0.0223078769693772, "pickup_borough_Manhattan": 0.020162483903268972, "pickup_borough_Brooklyn": 0.014867669713993868, "pickup_borough_EWR": 0.001826467474224046, "dropoff_borough_Staten Island": 0.0014664166190195829, "pickup_borough_Staten Island": 0.00014255635323934257}