{"min": 0.9971098899841309, "max": 1.5564061403274536}